{
    "unc_mean_logprobs": 0.4499926024559846,
    "unc_mean_probs": 0.49281381438505273,
    "unc_min_prob": 0.4978547122355378,
    "unc_min_logprob": 0.4978547122355378,
    "unc_median_prob": 0.47816667723458667,
    "unc_median_logprobs": 0.4706106144188701,
    "unc_PPL": 0.5500073975440154,
    "unc_var_prob": 0.532211020226999,
    "unc_var_logprob": 0.5260499228541838,
    "unc_entropy": 0.3714095491725319,
    "unc_log_likelihood": 0.5541077505125441,
    "unc_sqrt_normalized_log_likelihood": 0.48533172700949,
    "unc_mean_logprobs_no_stopwords": 0.46047597911779004,
    "unc_mean_probs_no_stopwords": 0.47773339251368546,
    "unc_min_prob_no_stopwords": 0.4922642825439097,
    "unc_min_logprob_no_stopwords": 0.4922642825439097,
    "unc_median_prob_no_stopwords": 0.46182867288060364,
    "unc_median_logprobs_no_stopwords": 0.4511867774184685,
    "unc_PPL_no_stopwords": 0.53952402088221,
    "unc_var_prob_no_stopwords": 0.5082112738570794,
    "unc_var_logprob_no_stopwords": 0.5330881575888233,
    "unc_entropy_no_stopwords": 0.4048675839621246,
    "unc_log_likelihood_no_stopwords": 0.512945702026927,
    "unc_sqrt_normalized_log_likelihood_no_stopwords": 0.475186523788388
}