{
    "unc_mean_logprobs": 0.36151110447909673,
    "unc_mean_probs": 0.34594245069511803,
    "unc_min_prob": 0.5910617026038947,
    "unc_min_logprob": 0.5910617026038947,
    "unc_median_prob": 0.3199283742445721,
    "unc_median_logprobs": 0.32042577532393246,
    "unc_PPL": 0.6384888955209033,
    "unc_var_prob": 0.5200576985252058,
    "unc_var_logprob": 0.48541371334775796,
    "unc_entropy": 0.2911039816956403,
    "unc_log_likelihood": 0.5437837300106941,
    "unc_sqrt_normalized_log_likelihood": 0.4238105896689796,
    "unc_mean_logprobs_no_stopwords": 0.35469670969186,
    "unc_mean_probs_no_stopwords": 0.3355965082444229,
    "unc_min_prob_no_stopwords": 0.5676092417120545,
    "unc_min_logprob_no_stopwords": 0.5676092417120545,
    "unc_median_prob_no_stopwords": 0.2938894277400582,
    "unc_median_logprobs_no_stopwords": 0.2940635181178343,
    "unc_PPL_no_stopwords": 0.6453032903081399,
    "unc_var_prob_no_stopwords": 0.5366460245218733,
    "unc_var_logprob_no_stopwords": 0.4996891243253998,
    "unc_entropy_no_stopwords": 0.2829217339401626,
    "unc_log_likelihood_no_stopwords": 0.5047128752269392,
    "unc_sqrt_normalized_log_likelihood_no_stopwords": 0.41346464721828446,
    "unc_exp_mean_logprobs": 0.6384888955209033,
    "unc_exp_mean_logprobs_no_stopwords": 0.6453032903081399,
    "unc_Inv_PPL": 0.36151110447909673,
    "unc_Inv_entropy": 0.7088960183043597,
    "unc_Inv_PPL_no_stopwords": 0.35469670969186,
    "unc_Inv_entropy_no_stopwords": 0.7170782660598374,
    "unc_Inv_entropy_normalized": 0.5176453032903081,
    "unc_seq_len": 0.29197443358452085,
    "unc_Inv_entropy_normalized_no_stopwords": 0.5544032430550374,
    "unc_seq_len_no_stopwords": 0.3000572011241264,
    "unc_Inv_entropy_normalized_v2": 0.6355044890447412,
    "unc_Inv_entropy_normalized_v2_no_stopwords": 0.6640553110000249
}