{
    "unc_mean_logprobs": 0.3682508891044294,
    "unc_mean_probs": 0.3483797159839837,
    "unc_min_prob": 0.5797955681563829,
    "unc_min_logprob": 0.5797955681563829,
    "unc_median_prob": 0.3182123405207789,
    "unc_median_logprobs": 0.31893357208585144,
    "unc_PPL": 0.6317491108955706,
    "unc_var_prob": 0.5339600586933274,
    "unc_var_logprob": 0.4850406625382377,
    "unc_entropy": 0.3075430873684996,
    "unc_log_likelihood": 0.5237882066204084,
    "unc_sqrt_normalized_log_likelihood": 0.417120545151583,
    "unc_mean_logprobs_no_stopwords": 0.37130990574249545,
    "unc_mean_probs_no_stopwords": 0.34044616876818623,
    "unc_min_prob_no_stopwords": 0.5816608222039842,
    "unc_min_logprob_no_stopwords": 0.5816608222039842,
    "unc_median_prob_no_stopwords": 0.29170086299087267,
    "unc_median_logprobs_no_stopwords": 0.29209878385436094,
    "unc_PPL_no_stopwords": 0.6286900942575046,
    "unc_var_prob_no_stopwords": 0.5356014822552165,
    "unc_var_logprob_no_stopwords": 0.4804148325001865,
    "unc_entropy_no_stopwords": 0.3064985451018429,
    "unc_log_likelihood_no_stopwords": 0.5108309085030714,
    "unc_sqrt_normalized_log_likelihood_no_stopwords": 0.42306448804993907
}