{
    "unc_mean_logprobs": 0.4796511627906977,
    "unc_mean_probs": 0.5552325581395349,
    "unc_min_prob": 0.40406976744186046,
    "unc_min_logprob": 0.40406976744186046,
    "unc_median_prob": 0.4941860465116279,
    "unc_median_logprobs": 0.48546511627906974,
    "unc_PPL": 0.5203488372093024,
    "unc_var_prob": 0.5290697674418605,
    "unc_var_logprob": 0.6308139534883721,
    "unc_entropy": 0.5261627906976745,
    "unc_log_likelihood": 0.3546511627906977,
    "unc_sqrt_normalized_log_likelihood": 0.42441860465116277,
    "unc_mean_logprobs_no_stopwords": 0.4680232558139535,
    "unc_mean_probs_no_stopwords": 0.5406976744186046,
    "unc_min_prob_no_stopwords": 0.41569767441860467,
    "unc_min_logprob_no_stopwords": 0.41569767441860467,
    "unc_median_prob_no_stopwords": 0.5319767441860465,
    "unc_median_logprobs_no_stopwords": 0.5377906976744186,
    "unc_PPL_no_stopwords": 0.5319767441860465,
    "unc_var_prob_no_stopwords": 0.46511627906976744,
    "unc_var_logprob_no_stopwords": 0.622093023255814,
    "unc_entropy_no_stopwords": 0.5058139534883721,
    "unc_log_likelihood_no_stopwords": 0.37790697674418605,
    "unc_sqrt_normalized_log_likelihood_no_stopwords": 0.41569767441860467
}