{
    "unc_mean_logprobs": 0.49782608695652175,
    "unc_mean_probs": 0.5195652173913043,
    "unc_min_prob": 0.49782608695652175,
    "unc_min_logprob": 0.49782608695652175,
    "unc_median_prob": 0.6108695652173913,
    "unc_median_logprobs": 0.5934782608695652,
    "unc_PPL": 0.5021739130434782,
    "unc_var_prob": 0.3108695652173913,
    "unc_var_logprob": 0.5152173913043478,
    "unc_entropy": 0.4282608695652174,
    "unc_log_likelihood": 0.5543478260869565,
    "unc_sqrt_normalized_log_likelihood": 0.508695652173913,
    "unc_mean_logprobs_no_stopwords": 0.5130434782608696,
    "unc_mean_probs_no_stopwords": 0.5130434782608696,
    "unc_min_prob_no_stopwords": 0.5,
    "unc_min_logprob_no_stopwords": 0.5,
    "unc_median_prob_no_stopwords": 0.5152173913043478,
    "unc_median_logprobs_no_stopwords": 0.4826086956521739,
    "unc_PPL_no_stopwords": 0.48695652173913045,
    "unc_var_prob_no_stopwords": 0.4543478260869565,
    "unc_var_logprob_no_stopwords": 0.5043478260869565,
    "unc_entropy_no_stopwords": 0.4652173913043478,
    "unc_log_likelihood_no_stopwords": 0.532608695652174,
    "unc_sqrt_normalized_log_likelihood_no_stopwords": 0.5239130434782608
}