{
    "unc_mean_logprobs": 0.5361111111111111,
    "unc_mean_probs": 0.5444444444444444,
    "unc_min_prob": 0.6944444444444444,
    "unc_min_logprob": 0.6944444444444444,
    "unc_median_prob": 0.44166666666666665,
    "unc_median_logprobs": 0.4361111111111111,
    "unc_PPL": 0.4638888888888889,
    "unc_var_prob": 0.7388888888888889,
    "unc_var_logprob": 0.3472222222222222,
    "unc_entropy": 0.32222222222222224,
    "unc_log_likelihood": 0.6027777777777777,
    "unc_sqrt_normalized_log_likelihood": 0.55,
    "unc_mean_logprobs_no_stopwords": 0.6638888888888889,
    "unc_mean_probs_no_stopwords": 0.6138888888888889,
    "unc_min_prob_no_stopwords": 0.7,
    "unc_min_logprob_no_stopwords": 0.7,
    "unc_median_prob_no_stopwords": 0.5694444444444444,
    "unc_median_logprobs_no_stopwords": 0.5583333333333333,
    "unc_PPL_no_stopwords": 0.33611111111111114,
    "unc_var_prob_no_stopwords": 0.6444444444444445,
    "unc_var_logprob_no_stopwords": 0.3388888888888889,
    "unc_entropy_no_stopwords": 0.525,
    "unc_log_likelihood_no_stopwords": 0.5722222222222222,
    "unc_sqrt_normalized_log_likelihood_no_stopwords": 0.6055555555555555,
    "unc_exp_mean_logprobs": 0.4638888888888889,
    "unc_exp_mean_logprobs_no_stopwords": 0.33611111111111114,
    "unc_Inv_PPL": 0.5361111111111111,
    "unc_Inv_entropy": 0.6777777777777778,
    "unc_Inv_PPL_no_stopwords": 0.6638888888888889,
    "unc_Inv_entropy_no_stopwords": 0.475,
    "unc_Inv_entropy_normalized_v2": 0.7305555555555555,
    "unc_Inv_entropy_normalized": 0.7277777777777777,
    "unc_seq_len": 0.5305555555555556,
    "unc_Inv_entropy_normalized_v2_no_stopwords": 0.5138888888888888,
    "unc_Inv_entropy_normalized_no_stopwords": 0.5805555555555556,
    "unc_seq_len_no_stopwords": 0.6527777777777778
}