{
    "unc_mean_logprobs": 0.7129629629629629,
    "unc_mean_probs": 0.5509259259259259,
    "unc_min_prob": 0.5324074074074074,
    "unc_min_logprob": 0.5324074074074074,
    "unc_median_prob": 0.5925925925925926,
    "unc_median_logprobs": 0.5787037037037037,
    "unc_PPL": 0.28703703703703703,
    "unc_var_prob": 0.375,
    "unc_var_logprob": 0.3472222222222222,
    "unc_entropy": 0.8009259259259259,
    "unc_log_likelihood": 0.5138888888888888,
    "unc_sqrt_normalized_log_likelihood": 0.6435185185185185,
    "unc_mean_logprobs_no_stopwords": 0.7175925925925926,
    "unc_mean_probs_no_stopwords": 0.5370370370370371,
    "unc_min_prob_no_stopwords": 0.5370370370370371,
    "unc_min_logprob_no_stopwords": 0.5370370370370371,
    "unc_median_prob_no_stopwords": 0.5601851851851852,
    "unc_median_logprobs_no_stopwords": 0.5694444444444444,
    "unc_PPL_no_stopwords": 0.2824074074074074,
    "unc_var_prob_no_stopwords": 0.44907407407407407,
    "unc_var_logprob_no_stopwords": 0.4351851851851852,
    "unc_entropy_no_stopwords": 0.7453703703703703,
    "unc_log_likelihood_no_stopwords": 0.6203703703703703,
    "unc_sqrt_normalized_log_likelihood_no_stopwords": 0.7361111111111112
}