{
    "unc_mean_logprobs": 0.6491228070175439,
    "unc_mean_probs": 0.5614035087719298,
    "unc_min_prob": 0.9824561403508771,
    "unc_min_logprob": 0.9824561403508771,
    "unc_median_prob": 0.5789473684210527,
    "unc_median_logprobs": 0.5789473684210527,
    "unc_PPL": 0.3508771929824561,
    "unc_var_prob": 0.47368421052631576,
    "unc_var_logprob": 0.08771929824561403,
    "unc_entropy": 0.2982456140350877,
    "unc_log_likelihood": 0.8771929824561403,
    "unc_sqrt_normalized_log_likelihood": 0.7894736842105263,
    "unc_mean_logprobs_no_stopwords": 0.5087719298245614,
    "unc_mean_probs_no_stopwords": 0.47368421052631576,
    "unc_min_prob_no_stopwords": 0.9824561403508771,
    "unc_min_logprob_no_stopwords": 0.9824561403508771,
    "unc_median_prob_no_stopwords": 0.38596491228070173,
    "unc_median_logprobs_no_stopwords": 0.38596491228070173,
    "unc_PPL_no_stopwords": 0.49122807017543857,
    "unc_var_prob_no_stopwords": 0.45614035087719296,
    "unc_var_logprob_no_stopwords": 0.14035087719298245,
    "unc_entropy_no_stopwords": 0.03508771929824561,
    "unc_log_likelihood_no_stopwords": 0.9298245614035088,
    "unc_sqrt_normalized_log_likelihood_no_stopwords": 0.7719298245614035,
    "unc_exp_mean_logprobs": 0.3508771929824561,
    "unc_exp_mean_logprobs_no_stopwords": 0.49122807017543857,
    "unc_Inv_PPL": 0.6491228070175439,
    "unc_Inv_entropy": 0.7017543859649122,
    "unc_Inv_PPL_no_stopwords": 0.5087719298245614,
    "unc_Inv_entropy_no_stopwords": 0.9649122807017544,
    "unc_Inv_entropy_normalized_v2": 0.6491228070175439,
    "unc_Inv_entropy_normalized": 0.5789473684210527,
    "unc_seq_len": 0.21052631578947367,
    "unc_Inv_entropy_normalized_v2_no_stopwords": 0.9122807017543859,
    "unc_Inv_entropy_normalized_no_stopwords": 0.8070175438596491,
    "unc_seq_len_no_stopwords": 0.03508771929824561
}