{
    "unc_mean_logprobs": 0.7704918032786885,
    "unc_mean_probs": 0.8688524590163934,
    "unc_min_prob": 0.3770491803278688,
    "unc_min_logprob": 0.3770491803278688,
    "unc_median_prob": 0.8360655737704918,
    "unc_median_logprobs": 0.8852459016393442,
    "unc_PPL": 0.22950819672131148,
    "unc_var_prob": 0.8524590163934426,
    "unc_var_logprob": 0.5737704918032787,
    "unc_entropy": 0.7704918032786885,
    "unc_log_likelihood": 0.4918032786885246,
    "unc_sqrt_normalized_log_likelihood": 0.6721311475409836,
    "unc_mean_logprobs_no_stopwords": 0.9016393442622951,
    "unc_mean_probs_no_stopwords": 0.9508196721311475,
    "unc_min_prob_no_stopwords": 0.4098360655737705,
    "unc_min_logprob_no_stopwords": 0.4098360655737705,
    "unc_median_prob_no_stopwords": 0.9672131147540983,
    "unc_median_logprobs_no_stopwords": 0.9672131147540983,
    "unc_PPL_no_stopwords": 0.09836065573770492,
    "unc_var_prob_no_stopwords": 0.9344262295081968,
    "unc_var_logprob_no_stopwords": 0.6065573770491803,
    "unc_entropy_no_stopwords": 0.9016393442622951,
    "unc_log_likelihood_no_stopwords": 0.4918032786885246,
    "unc_sqrt_normalized_log_likelihood_no_stopwords": 0.8032786885245902
}