{
    "unc_mean_logprobs": 0.13823529411764707,
    "unc_mean_probs": 0.15294117647058825,
    "unc_min_prob": 0.3205882352941177,
    "unc_min_logprob": 0.3205882352941177,
    "unc_median_prob": 0.07647058823529412,
    "unc_median_logprobs": 0.06764705882352941,
    "unc_PPL": 0.861764705882353,
    "unc_var_prob": 0.4,
    "unc_var_logprob": 0.7323529411764705,
    "unc_entropy": 0.011764705882352941,
    "unc_log_likelihood": 0.7617647058823529,
    "unc_sqrt_normalized_log_likelihood": 0.2676470588235294,
    "unc_mean_logprobs_no_stopwords": 0.15,
    "unc_mean_probs_no_stopwords": 0.17058823529411765,
    "unc_min_prob_no_stopwords": 0.3,
    "unc_min_logprob_no_stopwords": 0.3,
    "unc_median_prob_no_stopwords": 0.09117647058823529,
    "unc_median_logprobs_no_stopwords": 0.08529411764705883,
    "unc_PPL_no_stopwords": 0.85,
    "unc_var_prob_no_stopwords": 0.4676470588235294,
    "unc_var_logprob_no_stopwords": 0.7470588235294118,
    "unc_entropy_no_stopwords": 0.011764705882352941,
    "unc_log_likelihood_no_stopwords": 0.6470588235294118,
    "unc_sqrt_normalized_log_likelihood_no_stopwords": 0.2235294117647059
}