{
    "unc_mean_logprobs": 0.5459317585301837,
    "unc_mean_probs": 0.4015748031496063,
    "unc_min_prob": 0.8503937007874016,
    "unc_min_logprob": 0.8503937007874016,
    "unc_median_prob": 0.4304461942257218,
    "unc_median_logprobs": 0.4199475065616798,
    "unc_PPL": 0.4540682414698163,
    "unc_var_prob": 0.5170603674540682,
    "unc_var_logprob": 0.1679790026246719,
    "unc_entropy": 0.6771653543307087,
    "unc_log_likelihood": 0.4671916010498688,
    "unc_sqrt_normalized_log_likelihood": 0.48031496062992124,
    "unc_mean_logprobs_no_stopwords": 0.5748031496062992,
    "unc_mean_probs_no_stopwords": 0.3779527559055118,
    "unc_min_prob_no_stopwords": 0.8503937007874016,
    "unc_min_logprob_no_stopwords": 0.8503937007874016,
    "unc_median_prob_no_stopwords": 0.3674540682414698,
    "unc_median_logprobs_no_stopwords": 0.3779527559055118,
    "unc_PPL_no_stopwords": 0.4251968503937008,
    "unc_var_prob_no_stopwords": 0.4409448818897638,
    "unc_var_logprob_no_stopwords": 0.3359580052493438,
    "unc_entropy_no_stopwords": 0.7296587926509186,
    "unc_log_likelihood_no_stopwords": 0.4566929133858268,
    "unc_sqrt_normalized_log_likelihood_no_stopwords": 0.49606299212598426
}