{
    "unc_mean_logprobs": 0.4012345679012346,
    "unc_mean_probs": 0.46296296296296297,
    "unc_min_prob": 0.3765432098765432,
    "unc_min_logprob": 0.3765432098765432,
    "unc_median_prob": 0.4567901234567901,
    "unc_median_logprobs": 0.4444444444444444,
    "unc_PPL": 0.5987654320987654,
    "unc_var_prob": 0.3395061728395062,
    "unc_var_logprob": 0.6234567901234568,
    "unc_entropy": 0.4567901234567901,
    "unc_log_likelihood": 0.345679012345679,
    "unc_sqrt_normalized_log_likelihood": 0.35802469135802467,
    "unc_mean_logprobs_no_stopwords": 0.42592592592592593,
    "unc_mean_probs_no_stopwords": 0.3271604938271605,
    "unc_min_prob_no_stopwords": 0.3765432098765432,
    "unc_min_logprob_no_stopwords": 0.3765432098765432,
    "unc_median_prob_no_stopwords": 0.5061728395061729,
    "unc_median_logprobs_no_stopwords": 0.5246913580246914,
    "unc_PPL_no_stopwords": 0.5740740740740741,
    "unc_var_prob_no_stopwords": 0.07407407407407407,
    "unc_var_logprob_no_stopwords": 0.5802469135802469,
    "unc_entropy_no_stopwords": 0.7098765432098766,
    "unc_log_likelihood_no_stopwords": 0.25925925925925924,
    "unc_sqrt_normalized_log_likelihood_no_stopwords": 0.30864197530864196,
    "unc_exp_mean_logprobs": 0.5987654320987654,
    "unc_exp_mean_logprobs_no_stopwords": 0.5740740740740741,
    "unc_Inv_PPL": 0.4012345679012346,
    "unc_Inv_entropy": 0.5432098765432098,
    "unc_Inv_PPL_no_stopwords": 0.42592592592592593,
    "unc_Inv_entropy_no_stopwords": 0.29012345679012347,
    "unc_Inv_entropy_normalized_v2": 0.5679012345679012,
    "unc_Inv_entropy_normalized": 0.5864197530864198,
    "unc_seq_len": 0.5555555555555556,
    "unc_Inv_entropy_normalized_v2_no_stopwords": 0.3148148148148148,
    "unc_Inv_entropy_normalized_no_stopwords": 0.345679012345679,
    "unc_seq_len_no_stopwords": 0.6851851851851852
}