{
    "unc_mean_logprobs": 0.4505208333333333,
    "unc_mean_probs": 0.4947916666666667,
    "unc_min_prob": 0.5625,
    "unc_min_logprob": 0.5625,
    "unc_median_prob": 0.4791666666666667,
    "unc_median_logprobs": 0.4791666666666667,
    "unc_PPL": 0.5494791666666666,
    "unc_var_prob": 0.5807291666666666,
    "unc_var_logprob": 0.4635416666666667,
    "unc_entropy": 0.3854166666666667,
    "unc_log_likelihood": 0.5052083333333334,
    "unc_sqrt_normalized_log_likelihood": 0.4609375,
    "unc_mean_logprobs_no_stopwords": 0.4348958333333333,
    "unc_mean_probs_no_stopwords": 0.4088541666666667,
    "unc_min_prob_no_stopwords": 0.5625,
    "unc_min_logprob_no_stopwords": 0.5625,
    "unc_median_prob_no_stopwords": 0.390625,
    "unc_median_logprobs_no_stopwords": 0.3854166666666667,
    "unc_PPL_no_stopwords": 0.5651041666666666,
    "unc_var_prob_no_stopwords": 0.46875,
    "unc_var_logprob_no_stopwords": 0.4244791666666667,
    "unc_entropy_no_stopwords": 0.4583333333333333,
    "unc_log_likelihood_no_stopwords": 0.4557291666666667,
    "unc_sqrt_normalized_log_likelihood_no_stopwords": 0.4427083333333333
}