{
    "unc_mean_logprobs": 0.9239130434782609,
    "unc_mean_probs": 0.6521739130434783,
    "unc_min_prob": 0.9456521739130435,
    "unc_min_logprob": 0.9456521739130435,
    "unc_median_prob": 0.7391304347826086,
    "unc_median_logprobs": 0.8152173913043478,
    "unc_PPL": 0.07608695652173914,
    "unc_var_prob": 0.391304347826087,
    "unc_var_logprob": 0.06521739130434782,
    "unc_entropy": 0.5760869565217391,
    "unc_log_likelihood": 0.9891304347826086,
    "unc_sqrt_normalized_log_likelihood": 0.967391304347826,
    "unc_mean_logprobs_no_stopwords": 0.9456521739130435,
    "unc_mean_probs_no_stopwords": 0.7065217391304348,
    "unc_min_prob_no_stopwords": 0.9456521739130435,
    "unc_min_logprob_no_stopwords": 0.9456521739130435,
    "unc_median_prob_no_stopwords": 0.9239130434782609,
    "unc_median_logprobs_no_stopwords": 0.9239130434782609,
    "unc_PPL_no_stopwords": 0.05434782608695652,
    "unc_var_prob_no_stopwords": 0.7608695652173914,
    "unc_var_logprob_no_stopwords": 0.10869565217391304,
    "unc_entropy_no_stopwords": 0.31521739130434784,
    "unc_log_likelihood_no_stopwords": 0.9891304347826086,
    "unc_sqrt_normalized_log_likelihood_no_stopwords": 0.9891304347826086,
    "unc_exp_mean_logprobs": 0.07608695652173914,
    "unc_exp_mean_logprobs_no_stopwords": 0.05434782608695652,
    "unc_Inv_PPL": 0.9239130434782609,
    "unc_Inv_entropy": 0.42391304347826086,
    "unc_Inv_PPL_no_stopwords": 0.9456521739130435,
    "unc_Inv_entropy_no_stopwords": 0.6847826086956522,
    "unc_Inv_entropy_normalized_v2": 0.33695652173913043,
    "unc_Inv_entropy_normalized": 0.1956521739130435,
    "unc_seq_len": 0.1956521739130435,
    "unc_Inv_entropy_normalized_v2_no_stopwords": 0.5978260869565217,
    "unc_Inv_entropy_normalized_no_stopwords": 0.45652173913043476,
    "unc_seq_len_no_stopwords": 0.043478260869565216
}