{
    "unc_mean_logprobs": 0.07926829268292683,
    "unc_mean_probs": 0.07317073170731707,
    "unc_min_prob": 0.1402439024390244,
    "unc_min_logprob": 0.1402439024390244,
    "unc_median_prob": 0.12195121951219512,
    "unc_median_logprobs": 0.12195121951219512,
    "unc_PPL": 0.9207317073170732,
    "unc_var_prob": 0.22560975609756098,
    "unc_var_logprob": 0.8780487804878049,
    "unc_entropy": 0.29878048780487804,
    "unc_log_likelihood": 0.3048780487804878,
    "unc_sqrt_normalized_log_likelihood": 0.13414634146341464,
    "unc_mean_logprobs_no_stopwords": 0.018292682926829267,
    "unc_mean_probs_no_stopwords": 0.024390243902439025,
    "unc_min_prob_no_stopwords": 0.03048780487804878,
    "unc_min_logprob_no_stopwords": 0.03048780487804878,
    "unc_median_prob_no_stopwords": 0.06707317073170732,
    "unc_median_logprobs_no_stopwords": 0.06707317073170732,
    "unc_PPL_no_stopwords": 0.9817073170731707,
    "unc_var_prob_no_stopwords": 0.3902439024390244,
    "unc_var_logprob_no_stopwords": 0.9634146341463414,
    "unc_entropy_no_stopwords": 0.10975609756097561,
    "unc_log_likelihood_no_stopwords": 0.13414634146341464,
    "unc_sqrt_normalized_log_likelihood_no_stopwords": 0.036585365853658534
}