{
    "unc_mean_logprobs": 0.2830188679245283,
    "unc_mean_probs": 0.44025157232704404,
    "unc_min_prob": 0.3270440251572327,
    "unc_min_logprob": 0.3270440251572327,
    "unc_median_prob": 0.32075471698113206,
    "unc_median_logprobs": 0.32075471698113206,
    "unc_PPL": 0.7169811320754716,
    "unc_var_prob": 0.5408805031446541,
    "unc_var_logprob": 0.7169811320754716,
    "unc_entropy": 0.06289308176100629,
    "unc_log_likelihood": 0.6477987421383647,
    "unc_sqrt_normalized_log_likelihood": 0.4025157232704403,
    "unc_mean_logprobs_no_stopwords": 0.29559748427672955,
    "unc_mean_probs_no_stopwords": 0.3836477987421384,
    "unc_min_prob_no_stopwords": 0.3333333333333333,
    "unc_min_logprob_no_stopwords": 0.3333333333333333,
    "unc_median_prob_no_stopwords": 0.4025157232704403,
    "unc_median_logprobs_no_stopwords": 0.36477987421383645,
    "unc_PPL_no_stopwords": 0.7044025157232704,
    "unc_var_prob_no_stopwords": 0.4716981132075472,
    "unc_var_logprob_no_stopwords": 0.6792452830188679,
    "unc_entropy_no_stopwords": 0.08176100628930817,
    "unc_log_likelihood_no_stopwords": 0.5408805031446541,
    "unc_sqrt_normalized_log_likelihood_no_stopwords": 0.3836477987421384,
    "unc_exp_mean_logprobs": 0.7169811320754716,
    "unc_exp_mean_logprobs_no_stopwords": 0.7044025157232704,
    "unc_Inv_PPL": 0.2830188679245283,
    "unc_Inv_entropy": 0.9371069182389937,
    "unc_Inv_PPL_no_stopwords": 0.29559748427672955,
    "unc_Inv_entropy_no_stopwords": 0.9182389937106918,
    "unc_Inv_entropy_normalized_v2": 0.9433962264150944,
    "unc_Inv_entropy_normalized": 0.779874213836478,
    "unc_seq_len": 0.16352201257861634,
    "unc_Inv_entropy_normalized_v2_no_stopwords": 0.8616352201257862,
    "unc_Inv_entropy_normalized_no_stopwords": 0.7610062893081762,
    "unc_seq_len_no_stopwords": 0.13836477987421383
}