{
    "unc_mean_logprobs": 0.4666666666666667,
    "unc_mean_probs": 0.6488888888888888,
    "unc_min_prob": 0.40444444444444444,
    "unc_min_logprob": 0.40444444444444444,
    "unc_median_prob": 0.6444444444444445,
    "unc_median_logprobs": 0.6266666666666667,
    "unc_PPL": 0.5333333333333333,
    "unc_var_prob": 0.4444444444444444,
    "unc_var_logprob": 0.6533333333333333,
    "unc_entropy": 0.37333333333333335,
    "unc_log_likelihood": 0.5111111111111111,
    "unc_sqrt_normalized_log_likelihood": 0.52,
    "unc_mean_logprobs_no_stopwords": 0.39111111111111113,
    "unc_mean_probs_no_stopwords": 0.6444444444444445,
    "unc_min_prob_no_stopwords": 0.4088888888888889,
    "unc_min_logprob_no_stopwords": 0.4088888888888889,
    "unc_median_prob_no_stopwords": 0.6044444444444445,
    "unc_median_logprobs_no_stopwords": 0.56,
    "unc_PPL_no_stopwords": 0.6088888888888889,
    "unc_var_prob_no_stopwords": 0.48,
    "unc_var_logprob_no_stopwords": 0.6666666666666666,
    "unc_entropy_no_stopwords": 0.26222222222222225,
    "unc_log_likelihood_no_stopwords": 0.5022222222222222,
    "unc_sqrt_normalized_log_likelihood_no_stopwords": 0.44
}