{
    "unc_mean_logprobs": 0.2962962962962963,
    "unc_mean_probs": 0.4537037037037037,
    "unc_min_prob": 0.6805555555555556,
    "unc_min_logprob": 0.6805555555555556,
    "unc_median_prob": 0.4537037037037037,
    "unc_median_logprobs": 0.4212962962962963,
    "unc_PPL": 0.7037037037037037,
    "unc_var_prob": 0.8564814814814815,
    "unc_var_logprob": 0.5046296296296297,
    "unc_entropy": 0.037037037037037035,
    "unc_log_likelihood": 0.5324074074074074,
    "unc_sqrt_normalized_log_likelihood": 0.4351851851851852,
    "unc_mean_logprobs_no_stopwords": 0.24537037037037038,
    "unc_mean_probs_no_stopwords": 0.3333333333333333,
    "unc_min_prob_no_stopwords": 0.5879629629629629,
    "unc_min_logprob_no_stopwords": 0.5879629629629629,
    "unc_median_prob_no_stopwords": 0.37037037037037035,
    "unc_median_logprobs_no_stopwords": 0.30092592592592593,
    "unc_PPL_no_stopwords": 0.7546296296296297,
    "unc_var_prob_no_stopwords": 0.8472222222222222,
    "unc_var_logprob_no_stopwords": 0.5092592592592593,
    "unc_entropy_no_stopwords": 0.07407407407407407,
    "unc_log_likelihood_no_stopwords": 0.4305555555555556,
    "unc_sqrt_normalized_log_likelihood_no_stopwords": 0.3472222222222222
}