{
    "unc_mean_logprobs": 0.46,
    "unc_mean_probs": 0.6933333333333334,
    "unc_min_prob": 0.36,
    "unc_min_logprob": 0.36,
    "unc_median_prob": 0.6,
    "unc_median_logprobs": 0.5966666666666667,
    "unc_PPL": 0.54,
    "unc_var_prob": 0.7366666666666667,
    "unc_var_logprob": 0.8,
    "unc_entropy": 0.09666666666666666,
    "unc_log_likelihood": 0.81,
    "unc_sqrt_normalized_log_likelihood": 0.5933333333333334,
    "unc_mean_logprobs_no_stopwords": 0.5566666666666666,
    "unc_mean_probs_no_stopwords": 0.8266666666666667,
    "unc_min_prob_no_stopwords": 0.37333333333333335,
    "unc_min_logprob_no_stopwords": 0.37333333333333335,
    "unc_median_prob_no_stopwords": 0.6233333333333333,
    "unc_median_logprobs_no_stopwords": 0.6066666666666667,
    "unc_PPL_no_stopwords": 0.44333333333333336,
    "unc_var_prob_no_stopwords": 0.8333333333333334,
    "unc_var_logprob_no_stopwords": 0.8633333333333333,
    "unc_entropy_no_stopwords": 0.21,
    "unc_log_likelihood_no_stopwords": 0.6666666666666666,
    "unc_sqrt_normalized_log_likelihood_no_stopwords": 0.6033333333333334,
    "unc_exp_mean_logprobs": 0.54,
    "unc_exp_mean_logprobs_no_stopwords": 0.44333333333333336,
    "unc_Inv_PPL": 0.46,
    "unc_Inv_entropy": 0.9033333333333333,
    "unc_Inv_PPL_no_stopwords": 0.5566666666666666,
    "unc_Inv_entropy_no_stopwords": 0.79,
    "unc_Inv_entropy_normalized_v2": 0.91,
    "unc_Inv_entropy_normalized": 0.9,
    "unc_seq_len": 0.23333333333333334,
    "unc_Inv_entropy_normalized_v2_no_stopwords": 0.8466666666666667,
    "unc_Inv_entropy_normalized_no_stopwords": 0.89,
    "unc_seq_len_no_stopwords": 0.41
}