{
    "unc_mean_logprobs": 0.2543859649122807,
    "unc_mean_probs": 0.19298245614035087,
    "unc_min_prob": 0.3684210526315789,
    "unc_min_logprob": 0.3684210526315789,
    "unc_median_prob": 0.12280701754385964,
    "unc_median_logprobs": 0.12280701754385964,
    "unc_PPL": 0.7456140350877193,
    "unc_var_prob": 0.37719298245614036,
    "unc_var_logprob": 0.6578947368421053,
    "unc_entropy": 0.37719298245614036,
    "unc_log_likelihood": 0.34210526315789475,
    "unc_sqrt_normalized_log_likelihood": 0.2631578947368421,
    "unc_mean_logprobs_no_stopwords": 0.32456140350877194,
    "unc_mean_probs_no_stopwords": 0.17543859649122806,
    "unc_min_prob_no_stopwords": 0.3684210526315789,
    "unc_min_logprob_no_stopwords": 0.3684210526315789,
    "unc_median_prob_no_stopwords": 0.20175438596491227,
    "unc_median_logprobs_no_stopwords": 0.20175438596491227,
    "unc_PPL_no_stopwords": 0.6754385964912281,
    "unc_var_prob_no_stopwords": 0.2631578947368421,
    "unc_var_logprob_no_stopwords": 0.5964912280701754,
    "unc_entropy_no_stopwords": 0.45614035087719296,
    "unc_log_likelihood_no_stopwords": 0.2807017543859649,
    "unc_sqrt_normalized_log_likelihood_no_stopwords": 0.2631578947368421
}