{
    "unc_mean_logprobs": 0.3620689655172414,
    "unc_mean_probs": 0.3275862068965517,
    "unc_min_prob": 0.39655172413793105,
    "unc_min_logprob": 0.39655172413793105,
    "unc_median_prob": 0.1896551724137931,
    "unc_median_logprobs": 0.1896551724137931,
    "unc_PPL": 0.6379310344827587,
    "unc_var_prob": 0.2413793103448276,
    "unc_var_logprob": 0.603448275862069,
    "unc_entropy": 0.5689655172413793,
    "unc_log_likelihood": 0.3620689655172414,
    "unc_sqrt_normalized_log_likelihood": 0.29310344827586204,
    "unc_mean_logprobs_no_stopwords": 0.4482758620689655,
    "unc_mean_probs_no_stopwords": 0.29310344827586204,
    "unc_min_prob_no_stopwords": 0.39655172413793105,
    "unc_min_logprob_no_stopwords": 0.39655172413793105,
    "unc_median_prob_no_stopwords": 0.3620689655172414,
    "unc_median_logprobs_no_stopwords": 0.3620689655172414,
    "unc_PPL_no_stopwords": 0.5517241379310345,
    "unc_var_prob_no_stopwords": 0.27586206896551724,
    "unc_var_logprob_no_stopwords": 0.5344827586206896,
    "unc_entropy_no_stopwords": 0.5344827586206896,
    "unc_log_likelihood_no_stopwords": 0.29310344827586204,
    "unc_sqrt_normalized_log_likelihood_no_stopwords": 0.3103448275862069,
    "unc_exp_mean_logprobs": 0.6379310344827587,
    "unc_exp_mean_logprobs_no_stopwords": 0.5517241379310345,
    "unc_Inv_PPL": 0.3620689655172414,
    "unc_Inv_entropy": 0.43103448275862066,
    "unc_Inv_PPL_no_stopwords": 0.4482758620689655,
    "unc_Inv_entropy_no_stopwords": 0.46551724137931033,
    "unc_Inv_entropy_normalized": 0.5,
    "unc_seq_len": 0.5344827586206896,
    "unc_Inv_entropy_normalized_no_stopwords": 0.4482758620689655,
    "unc_seq_len_no_stopwords": 0.6206896551724138,
    "unc_Inv_entropy_normalized_v2": 0.46551724137931033,
    "unc_Inv_entropy_normalized_v2_no_stopwords": 0.43103448275862066
}