{
    "unc_mean_logprobs": 0.40555555555555556,
    "unc_mean_probs": 0.4222222222222222,
    "unc_min_prob": 0.5777777777777777,
    "unc_min_logprob": 0.5777777777777777,
    "unc_median_prob": 0.4111111111111111,
    "unc_median_logprobs": 0.4111111111111111,
    "unc_PPL": 0.5944444444444444,
    "unc_var_prob": 0.2222222222222222,
    "unc_var_logprob": 0.5111111111111111,
    "unc_entropy": 0.36666666666666664,
    "unc_log_likelihood": 0.6111111111111112,
    "unc_sqrt_normalized_log_likelihood": 0.48333333333333334,
    "unc_mean_logprobs_no_stopwords": 0.31666666666666665,
    "unc_mean_probs_no_stopwords": 0.3055555555555556,
    "unc_min_prob_no_stopwords": 0.5777777777777777,
    "unc_min_logprob_no_stopwords": 0.5777777777777777,
    "unc_median_prob_no_stopwords": 0.32222222222222224,
    "unc_median_logprobs_no_stopwords": 0.31666666666666665,
    "unc_PPL_no_stopwords": 0.6833333333333333,
    "unc_var_prob_no_stopwords": 0.38333333333333336,
    "unc_var_logprob_no_stopwords": 0.5,
    "unc_entropy_no_stopwords": 0.3055555555555556,
    "unc_log_likelihood_no_stopwords": 0.5111111111111111,
    "unc_sqrt_normalized_log_likelihood_no_stopwords": 0.4444444444444444
}