{
    "unc_mean_logprobs": 0.36764705882352944,
    "unc_mean_probs": 0.5514705882352942,
    "unc_min_prob": 0.49264705882352944,
    "unc_min_logprob": 0.49264705882352944,
    "unc_median_prob": 0.3897058823529412,
    "unc_median_logprobs": 0.3897058823529412,
    "unc_PPL": 0.6323529411764706,
    "unc_var_prob": 0.6617647058823529,
    "unc_var_logprob": 0.6985294117647058,
    "unc_entropy": 0.04411764705882353,
    "unc_log_likelihood": 0.6470588235294118,
    "unc_sqrt_normalized_log_likelihood": 0.5441176470588235,
    "unc_mean_logprobs_no_stopwords": 0.2647058823529412,
    "unc_mean_probs_no_stopwords": 0.4852941176470588,
    "unc_min_prob_no_stopwords": 0.39705882352941174,
    "unc_min_logprob_no_stopwords": 0.39705882352941174,
    "unc_median_prob_no_stopwords": 0.38235294117647056,
    "unc_median_logprobs_no_stopwords": 0.38235294117647056,
    "unc_PPL_no_stopwords": 0.7352941176470589,
    "unc_var_prob_no_stopwords": 0.5955882352941176,
    "unc_var_logprob_no_stopwords": 0.7352941176470589,
    "unc_entropy_no_stopwords": 0.051470588235294115,
    "unc_log_likelihood_no_stopwords": 0.6176470588235294,
    "unc_sqrt_normalized_log_likelihood_no_stopwords": 0.4117647058823529
}