{
    "unc_mean_logprobs": 0.2702702702702703,
    "unc_mean_probs": 0.24324324324324326,
    "unc_min_prob": 0.32432432432432434,
    "unc_min_logprob": 0.32432432432432434,
    "unc_median_prob": 0.2972972972972973,
    "unc_median_logprobs": 0.2972972972972973,
    "unc_PPL": 0.7297297297297297,
    "unc_var_prob": 0.10810810810810811,
    "unc_var_logprob": 0.6486486486486487,
    "unc_entropy": 0.1891891891891892,
    "unc_log_likelihood": 0.7567567567567568,
    "unc_sqrt_normalized_log_likelihood": 0.4864864864864865,
    "unc_mean_logprobs_no_stopwords": 0.2702702702702703,
    "unc_mean_probs_no_stopwords": 0.13513513513513514,
    "unc_min_prob_no_stopwords": 0.35135135135135137,
    "unc_min_logprob_no_stopwords": 0.35135135135135137,
    "unc_median_prob_no_stopwords": 0.05405405405405406,
    "unc_median_logprobs_no_stopwords": 0.05405405405405406,
    "unc_PPL_no_stopwords": 0.7297297297297297,
    "unc_var_prob_no_stopwords": 0.21621621621621623,
    "unc_var_logprob_no_stopwords": 0.6486486486486487,
    "unc_entropy_no_stopwords": 0.2972972972972973,
    "unc_log_likelihood_no_stopwords": 0.6486486486486487,
    "unc_sqrt_normalized_log_likelihood_no_stopwords": 0.35135135135135137
}