{
    "unc_mean_logprobs": 0.47023809523809523,
    "unc_mean_probs": 0.4880952380952381,
    "unc_min_prob": 0.5416666666666666,
    "unc_min_logprob": 0.5416666666666666,
    "unc_median_prob": 0.5416666666666666,
    "unc_median_logprobs": 0.5297619047619048,
    "unc_PPL": 0.5297619047619048,
    "unc_var_prob": 0.6488095238095238,
    "unc_var_logprob": 0.5119047619047619,
    "unc_entropy": 0.2976190476190476,
    "unc_log_likelihood": 0.5297619047619048,
    "unc_sqrt_normalized_log_likelihood": 0.48214285714285715,
    "unc_mean_logprobs_no_stopwords": 0.47619047619047616,
    "unc_mean_probs_no_stopwords": 0.5,
    "unc_min_prob_no_stopwords": 0.5416666666666666,
    "unc_min_logprob_no_stopwords": 0.5416666666666666,
    "unc_median_prob_no_stopwords": 0.47619047619047616,
    "unc_median_logprobs_no_stopwords": 0.4880952380952381,
    "unc_PPL_no_stopwords": 0.5238095238095238,
    "unc_var_prob_no_stopwords": 0.5654761904761905,
    "unc_var_logprob_no_stopwords": 0.5,
    "unc_entropy_no_stopwords": 0.32142857142857145,
    "unc_log_likelihood_no_stopwords": 0.5535714285714286,
    "unc_sqrt_normalized_log_likelihood_no_stopwords": 0.5
}