{
    "unc_mean_logprobs": 0.3368421052631579,
    "unc_mean_probs": 0.2736842105263158,
    "unc_min_prob": 0.7017543859649122,
    "unc_min_logprob": 0.7017543859649122,
    "unc_median_prob": 0.25087719298245614,
    "unc_median_logprobs": 0.25263157894736843,
    "unc_PPL": 0.6631578947368421,
    "unc_var_prob": 0.6175438596491228,
    "unc_var_logprob": 0.45789473684210524,
    "unc_entropy": 0.30526315789473685,
    "unc_log_likelihood": 0.41403508771929826,
    "unc_sqrt_normalized_log_likelihood": 0.3824561403508772,
    "unc_mean_logprobs_no_stopwords": 0.3368421052631579,
    "unc_mean_probs_no_stopwords": 0.23508771929824562,
    "unc_min_prob_no_stopwords": 0.7035087719298245,
    "unc_min_logprob_no_stopwords": 0.7035087719298245,
    "unc_median_prob_no_stopwords": 0.18771929824561404,
    "unc_median_logprobs_no_stopwords": 0.1736842105263158,
    "unc_PPL_no_stopwords": 0.6631578947368421,
    "unc_var_prob_no_stopwords": 0.5684210526315789,
    "unc_var_logprob_no_stopwords": 0.4245614035087719,
    "unc_entropy_no_stopwords": 0.26666666666666666,
    "unc_log_likelihood_no_stopwords": 0.43508771929824563,
    "unc_sqrt_normalized_log_likelihood_no_stopwords": 0.37543859649122807
}