{
    "unc_mean_logprobs": 0.3770833333333333,
    "unc_mean_probs": 0.3229166666666667,
    "unc_min_prob": 0.6729166666666667,
    "unc_min_logprob": 0.6729166666666667,
    "unc_median_prob": 0.2916666666666667,
    "unc_median_logprobs": 0.29375,
    "unc_PPL": 0.6229166666666667,
    "unc_var_prob": 0.5833333333333334,
    "unc_var_logprob": 0.45416666666666666,
    "unc_entropy": 0.3729166666666667,
    "unc_log_likelihood": 0.39791666666666664,
    "unc_sqrt_normalized_log_likelihood": 0.39791666666666664,
    "unc_mean_logprobs_no_stopwords": 0.36666666666666664,
    "unc_mean_probs_no_stopwords": 0.2833333333333333,
    "unc_min_prob_no_stopwords": 0.675,
    "unc_min_logprob_no_stopwords": 0.675,
    "unc_median_prob_no_stopwords": 0.22291666666666668,
    "unc_median_logprobs_no_stopwords": 0.20625,
    "unc_PPL_no_stopwords": 0.6333333333333333,
    "unc_var_prob_no_stopwords": 0.5604166666666667,
    "unc_var_logprob_no_stopwords": 0.43125,
    "unc_entropy_no_stopwords": 0.3229166666666667,
    "unc_log_likelihood_no_stopwords": 0.4125,
    "unc_sqrt_normalized_log_likelihood_no_stopwords": 0.3854166666666667,
    "unc_exp_mean_logprobs": 0.6229166666666667,
    "unc_exp_mean_logprobs_no_stopwords": 0.6333333333333333,
    "unc_Inv_PPL": 0.3770833333333333,
    "unc_Inv_entropy": 0.6270833333333333,
    "unc_Inv_PPL_no_stopwords": 0.36666666666666664,
    "unc_Inv_entropy_no_stopwords": 0.6770833333333334,
    "unc_Inv_entropy_normalized": 0.6208333333333333,
    "unc_seq_len": 0.39791666666666664,
    "unc_Inv_entropy_normalized_no_stopwords": 0.6125,
    "unc_seq_len_no_stopwords": 0.33958333333333335,
    "unc_Inv_entropy_normalized_v2": 0.6375,
    "unc_Inv_entropy_normalized_v2_no_stopwords": 0.6625
}