{
    "unc_mean_logprobs": 0.22916666666666666,
    "unc_mean_probs": 0.10416666666666667,
    "unc_min_prob": 0.8541666666666666,
    "unc_min_logprob": 0.8541666666666666,
    "unc_median_prob": 0.14583333333333334,
    "unc_median_logprobs": 0.14583333333333334,
    "unc_PPL": 0.7708333333333334,
    "unc_var_prob": 0.5625,
    "unc_var_logprob": 0.125,
    "unc_entropy": 0.75,
    "unc_log_likelihood": 0.10416666666666667,
    "unc_sqrt_normalized_log_likelihood": 0.16666666666666666,
    "unc_mean_logprobs_no_stopwords": 0.25,
    "unc_mean_probs_no_stopwords": 0.10416666666666667,
    "unc_min_prob_no_stopwords": 0.8541666666666666,
    "unc_min_logprob_no_stopwords": 0.8541666666666666,
    "unc_median_prob_no_stopwords": 0.125,
    "unc_median_logprobs_no_stopwords": 0.10416666666666667,
    "unc_PPL_no_stopwords": 0.75,
    "unc_var_prob_no_stopwords": 0.5416666666666666,
    "unc_var_logprob_no_stopwords": 0.14583333333333334,
    "unc_entropy_no_stopwords": 0.5833333333333334,
    "unc_log_likelihood_no_stopwords": 0.14583333333333334,
    "unc_sqrt_normalized_log_likelihood_no_stopwords": 0.1875,
    "unc_exp_mean_logprobs": 0.7708333333333334,
    "unc_exp_mean_logprobs_no_stopwords": 0.75,
    "unc_Inv_PPL": 0.22916666666666666,
    "unc_Inv_entropy": 0.25,
    "unc_Inv_PPL_no_stopwords": 0.25,
    "unc_Inv_entropy_no_stopwords": 0.4166666666666667,
    "unc_Inv_entropy_normalized": 0.4791666666666667,
    "unc_seq_len": 0.8958333333333334,
    "unc_Inv_entropy_normalized_no_stopwords": 0.5416666666666666,
    "unc_seq_len_no_stopwords": 0.8333333333333334,
    "unc_Inv_entropy_normalized_v2": 0.3125,
    "unc_Inv_entropy_normalized_v2_no_stopwords": 0.4791666666666667
}