{
    "unc_mean_logprobs": 0.29508196721311475,
    "unc_mean_probs": 0.5819672131147541,
    "unc_min_prob": 0.4426229508196721,
    "unc_min_logprob": 0.4426229508196721,
    "unc_median_prob": 0.3442622950819672,
    "unc_median_logprobs": 0.3360655737704918,
    "unc_PPL": 0.7049180327868853,
    "unc_var_prob": 0.819672131147541,
    "unc_var_logprob": 0.7459016393442623,
    "unc_entropy": 0.02459016393442623,
    "unc_log_likelihood": 0.6311475409836066,
    "unc_sqrt_normalized_log_likelihood": 0.4098360655737705,
    "unc_mean_logprobs_no_stopwords": 0.23770491803278687,
    "unc_mean_probs_no_stopwords": 0.5,
    "unc_min_prob_no_stopwords": 0.3524590163934426,
    "unc_min_logprob_no_stopwords": 0.3524590163934426,
    "unc_median_prob_no_stopwords": 0.2786885245901639,
    "unc_median_logprobs_no_stopwords": 0.2786885245901639,
    "unc_PPL_no_stopwords": 0.7622950819672131,
    "unc_var_prob_no_stopwords": 0.819672131147541,
    "unc_var_logprob_no_stopwords": 0.7950819672131147,
    "unc_entropy_no_stopwords": 0.01639344262295082,
    "unc_log_likelihood_no_stopwords": 0.4918032786885246,
    "unc_sqrt_normalized_log_likelihood_no_stopwords": 0.3770491803278688,
    "unc_exp_mean_logprobs": 0.7049180327868853,
    "unc_exp_mean_logprobs_no_stopwords": 0.7622950819672131,
    "unc_Inv_PPL": 0.29508196721311475,
    "unc_Inv_entropy": 0.9754098360655737,
    "unc_Inv_PPL_no_stopwords": 0.23770491803278687,
    "unc_Inv_entropy_no_stopwords": 0.9836065573770492,
    "unc_Inv_entropy_normalized": 0.9016393442622951,
    "unc_seq_len": 0.08196721311475409,
    "unc_Inv_entropy_normalized_no_stopwords": 0.8934426229508197,
    "unc_seq_len_no_stopwords": 0.06557377049180328,
    "unc_Inv_entropy_normalized_v2": 0.9672131147540983,
    "unc_Inv_entropy_normalized_v2_no_stopwords": 0.9672131147540983
}