{
    "unc_mean_logprobs": 0.3870967741935484,
    "unc_mean_probs": 0.46774193548387094,
    "unc_min_prob": 0.6612903225806451,
    "unc_min_logprob": 0.6612903225806451,
    "unc_median_prob": 0.16129032258064516,
    "unc_median_logprobs": 0.14516129032258066,
    "unc_PPL": 0.6129032258064516,
    "unc_var_prob": 0.7419354838709677,
    "unc_var_logprob": 0.5645161290322581,
    "unc_entropy": 0.06451612903225806,
    "unc_log_likelihood": 0.7258064516129032,
    "unc_sqrt_normalized_log_likelihood": 0.532258064516129,
    "unc_mean_logprobs_no_stopwords": 0.3709677419354839,
    "unc_mean_probs_no_stopwords": 0.43548387096774194,
    "unc_min_prob_no_stopwords": 0.6612903225806451,
    "unc_min_logprob_no_stopwords": 0.6612903225806451,
    "unc_median_prob_no_stopwords": 0.1774193548387097,
    "unc_median_logprobs_no_stopwords": 0.1774193548387097,
    "unc_PPL_no_stopwords": 0.6290322580645161,
    "unc_var_prob_no_stopwords": 0.7096774193548387,
    "unc_var_logprob_no_stopwords": 0.5806451612903226,
    "unc_entropy_no_stopwords": 0.04838709677419355,
    "unc_log_likelihood_no_stopwords": 0.7741935483870968,
    "unc_sqrt_normalized_log_likelihood_no_stopwords": 0.5967741935483871
}