{
    "unc_mean_logprobs": 0.25235109717868337,
    "unc_mean_probs": 0.19905956112852666,
    "unc_min_prob": 0.622257053291536,
    "unc_min_logprob": 0.622257053291536,
    "unc_median_prob": 0.17084639498432602,
    "unc_median_logprobs": 0.17084639498432602,
    "unc_PPL": 0.7476489028213166,
    "unc_var_prob": 0.5924764890282131,
    "unc_var_logprob": 0.5313479623824452,
    "unc_entropy": 0.12225705329153605,
    "unc_log_likelihood": 0.5987460815047022,
    "unc_sqrt_normalized_log_likelihood": 0.3166144200626959,
    "unc_mean_logprobs_no_stopwords": 0.2617554858934169,
    "unc_mean_probs_no_stopwords": 0.23197492163009403,
    "unc_min_prob_no_stopwords": 0.567398119122257,
    "unc_min_logprob_no_stopwords": 0.567398119122257,
    "unc_median_prob_no_stopwords": 0.20219435736677116,
    "unc_median_logprobs_no_stopwords": 0.19592476489028213,
    "unc_PPL_no_stopwords": 0.7382445141065831,
    "unc_var_prob_no_stopwords": 0.6206896551724138,
    "unc_var_logprob_no_stopwords": 0.5329153605015674,
    "unc_entropy_no_stopwords": 0.12539184952978055,
    "unc_log_likelihood_no_stopwords": 0.49059561128526646,
    "unc_sqrt_normalized_log_likelihood_no_stopwords": 0.31191222570532917,
    "unc_exp_mean_logprobs": 0.7476489028213166,
    "unc_exp_mean_logprobs_no_stopwords": 0.7382445141065831,
    "unc_Inv_PPL": 0.25235109717868337,
    "unc_Inv_entropy": 0.877742946708464,
    "unc_Inv_PPL_no_stopwords": 0.2617554858934169,
    "unc_Inv_entropy_no_stopwords": 0.8746081504702194,
    "unc_Inv_entropy_normalized": 0.3620689655172414,
    "unc_seq_len": 0.10031347962382445,
    "unc_Inv_entropy_normalized_no_stopwords": 0.47962382445141066,
    "unc_seq_len_no_stopwords": 0.18181818181818182,
    "unc_Inv_entropy_normalized_v2": 0.7288401253918495,
    "unc_Inv_entropy_normalized_v2_no_stopwords": 0.768025078369906
}