{
    "unc_mean_logprobs": 0.2740740740740741,
    "unc_mean_probs": 0.22962962962962963,
    "unc_min_prob": 0.6037037037037037,
    "unc_min_logprob": 0.6037037037037037,
    "unc_median_prob": 0.20925925925925926,
    "unc_median_logprobs": 0.20925925925925926,
    "unc_PPL": 0.725925925925926,
    "unc_var_prob": 0.6,
    "unc_var_logprob": 0.5444444444444444,
    "unc_entropy": 0.13148148148148148,
    "unc_log_likelihood": 0.5944444444444444,
    "unc_sqrt_normalized_log_likelihood": 0.3333333333333333,
    "unc_mean_logprobs_no_stopwords": 0.3074074074074074,
    "unc_mean_probs_no_stopwords": 0.2722222222222222,
    "unc_min_prob_no_stopwords": 0.6203703703703703,
    "unc_min_logprob_no_stopwords": 0.6203703703703703,
    "unc_median_prob_no_stopwords": 0.2388888888888889,
    "unc_median_logprobs_no_stopwords": 0.23148148148148148,
    "unc_PPL_no_stopwords": 0.6925925925925925,
    "unc_var_prob_no_stopwords": 0.6203703703703703,
    "unc_var_logprob_no_stopwords": 0.48703703703703705,
    "unc_entropy_no_stopwords": 0.13518518518518519,
    "unc_log_likelihood_no_stopwords": 0.5407407407407407,
    "unc_sqrt_normalized_log_likelihood_no_stopwords": 0.3592592592592593
}