{
    "unc_mean_logprobs": 0.2692307692307692,
    "unc_mean_probs": 0.21794871794871795,
    "unc_min_prob": 0.40384615384615385,
    "unc_min_logprob": 0.40384615384615385,
    "unc_median_prob": 0.21153846153846154,
    "unc_median_logprobs": 0.21794871794871795,
    "unc_PPL": 0.7307692307692307,
    "unc_var_prob": 0.6410256410256411,
    "unc_var_logprob": 0.6410256410256411,
    "unc_entropy": 0.16025641025641027,
    "unc_log_likelihood": 0.5192307692307693,
    "unc_sqrt_normalized_log_likelihood": 0.3269230769230769,
    "unc_mean_logprobs_no_stopwords": 0.1794871794871795,
    "unc_mean_probs_no_stopwords": 0.1794871794871795,
    "unc_min_prob_no_stopwords": 0.41025641025641024,
    "unc_min_logprob_no_stopwords": 0.41025641025641024,
    "unc_median_prob_no_stopwords": 0.19230769230769232,
    "unc_median_logprobs_no_stopwords": 0.16025641025641027,
    "unc_PPL_no_stopwords": 0.8205128205128205,
    "unc_var_prob_no_stopwords": 0.6923076923076923,
    "unc_var_logprob_no_stopwords": 0.7243589743589743,
    "unc_entropy_no_stopwords": 0.1282051282051282,
    "unc_log_likelihood_no_stopwords": 0.38461538461538464,
    "unc_sqrt_normalized_log_likelihood_no_stopwords": 0.26282051282051283
}