{
    "unc_mean_logprobs": 0.4339622641509434,
    "unc_mean_probs": 0.5283018867924528,
    "unc_min_prob": 0.19811320754716982,
    "unc_min_logprob": 0.19811320754716982,
    "unc_median_prob": 0.4056603773584906,
    "unc_median_logprobs": 0.4056603773584906,
    "unc_PPL": 0.5660377358490566,
    "unc_var_prob": 0.5377358490566038,
    "unc_var_logprob": 0.660377358490566,
    "unc_entropy": 0.9245283018867925,
    "unc_log_likelihood": 0.03773584905660377,
    "unc_sqrt_normalized_log_likelihood": 0.20754716981132076,
    "unc_mean_logprobs_no_stopwords": 0.39622641509433965,
    "unc_mean_probs_no_stopwords": 0.49056603773584906,
    "unc_min_prob_no_stopwords": 0.20754716981132076,
    "unc_min_logprob_no_stopwords": 0.20754716981132076,
    "unc_median_prob_no_stopwords": 0.4056603773584906,
    "unc_median_logprobs_no_stopwords": 0.4056603773584906,
    "unc_PPL_no_stopwords": 0.6037735849056604,
    "unc_var_prob_no_stopwords": 0.42452830188679247,
    "unc_var_logprob_no_stopwords": 0.6981132075471698,
    "unc_entropy_no_stopwords": 0.6415094339622641,
    "unc_log_likelihood_no_stopwords": 0.11320754716981132,
    "unc_sqrt_normalized_log_likelihood_no_stopwords": 0.27358490566037735
}