{
    "unc_mean_logprobs": 0.37037037037037035,
    "unc_mean_probs": 0.46296296296296297,
    "unc_min_prob": 0.09259259259259259,
    "unc_min_logprob": 0.09259259259259259,
    "unc_median_prob": 0.3333333333333333,
    "unc_median_logprobs": 0.3333333333333333,
    "unc_PPL": 0.6296296296296297,
    "unc_var_prob": 0.5740740740740741,
    "unc_var_logprob": 0.8703703703703703,
    "unc_entropy": 0.8888888888888888,
    "unc_log_likelihood": 0.018518518518518517,
    "unc_sqrt_normalized_log_likelihood": 0.09259259259259259,
    "unc_mean_logprobs_no_stopwords": 0.3148148148148148,
    "unc_mean_probs_no_stopwords": 0.42592592592592593,
    "unc_min_prob_no_stopwords": 0.1111111111111111,
    "unc_min_logprob_no_stopwords": 0.1111111111111111,
    "unc_median_prob_no_stopwords": 0.3333333333333333,
    "unc_median_logprobs_no_stopwords": 0.3333333333333333,
    "unc_PPL_no_stopwords": 0.6851851851851852,
    "unc_var_prob_no_stopwords": 0.4444444444444444,
    "unc_var_logprob_no_stopwords": 0.8888888888888888,
    "unc_entropy_no_stopwords": 0.5370370370370371,
    "unc_log_likelihood_no_stopwords": 0.037037037037037035,
    "unc_sqrt_normalized_log_likelihood_no_stopwords": 0.14814814814814814,
    "unc_exp_mean_logprobs": 0.6296296296296297,
    "unc_exp_mean_logprobs_no_stopwords": 0.6851851851851852,
    "unc_Inv_PPL": 0.37037037037037035,
    "unc_Inv_entropy": 0.1111111111111111,
    "unc_Inv_PPL_no_stopwords": 0.3148148148148148,
    "unc_Inv_entropy_no_stopwords": 0.46296296296296297,
    "unc_Inv_entropy_normalized": 0.7962962962962963,
    "unc_seq_len": 0.9814814814814815,
    "unc_Inv_entropy_normalized_no_stopwords": 0.8518518518518519,
    "unc_seq_len_no_stopwords": 0.9074074074074074,
    "unc_Inv_entropy_normalized_v2": 0.4074074074074074,
    "unc_Inv_entropy_normalized_v2_no_stopwords": 0.5925925925925926
}