{
    "unc_mean_logprobs": 0.6521739130434783,
    "unc_mean_probs": 0.6739130434782609,
    "unc_min_prob": 0.6739130434782609,
    "unc_min_logprob": 0.6739130434782609,
    "unc_median_prob": 0.5543478260869565,
    "unc_median_logprobs": 0.5217391304347826,
    "unc_PPL": 0.34782608695652173,
    "unc_var_prob": 0.9239130434782609,
    "unc_var_logprob": 0.32608695652173914,
    "unc_entropy": 0.021739130434782608,
    "unc_log_likelihood": 0.8804347826086957,
    "unc_sqrt_normalized_log_likelihood": 0.7608695652173914,
    "unc_mean_logprobs_no_stopwords": 0.6739130434782609,
    "unc_mean_probs_no_stopwords": 0.6847826086956522,
    "unc_min_prob_no_stopwords": 0.6739130434782609,
    "unc_min_logprob_no_stopwords": 0.6739130434782609,
    "unc_median_prob_no_stopwords": 0.5978260869565217,
    "unc_median_logprobs_no_stopwords": 0.5652173913043478,
    "unc_PPL_no_stopwords": 0.32608695652173914,
    "unc_var_prob_no_stopwords": 0.9130434782608695,
    "unc_var_logprob_no_stopwords": 0.31521739130434784,
    "unc_entropy_no_stopwords": 0.010869565217391304,
    "unc_log_likelihood_no_stopwords": 0.8586956521739131,
    "unc_sqrt_normalized_log_likelihood_no_stopwords": 0.7934782608695652
}